insert into ADMIN VALUES (890000,"Rodney", "Mwanje", "Luguyesi", "Likuyani", "Okelo", "rodney002mwanje@gmail.com");
insert into ADMIN VALUES (890001,"Beldine", "Moturi", "Bella", "Longonot", "Royco", "beldine001moturi@gmail.com");
insert into ADMIN VALUES (890002,"Shaun", "Mak", "King", "Lagos", "OneSoftware", "pyBaker003@gmail.com");
insert into REGISTERED_VOTERS VALUES (823001,"Jessica", "Gatura", "Nzembi", "Kileleshwa", "catnoir", "jessnzembi@gmail.com");
insert into REGISTERED_VOTERS VALUES (823002,"Richard", "Shigali", "Luguyesi", "Narok", "family", "shigalison@gmail.com");
insert into REGISTERED_VOTERS VALUES (823003,"Alvin", "Obuya", "", "Kisumu", "chemistry", "alvinobuya@gmail.com");
insert into REGISTERED_VOTERS VALUES (824004,"Carlyn", "Kenyan", "", "Kitale", "munene", "carlynkenyan@gmail.com");
insert into REGISTERED_VOTERS VALUES (827005,"Cuthbert", "Rehema", "Beautiful", "paris", "lovebrain", "cuthrehema@gmail.com");
insert into REGISTERED_VOTERS VALUES (824006,"Gift", "Oroko", "Alenga", "Kitale", "riara", "giftAlenga@gmail.com");
insert into REGISTERED_VOTERS VALUES (878607,"Dreyfuss", "Diego", "Shigali", "Soy", "games", "DreyDiego@gmail.com");
insert into REGISTERED_VOTERS VALUES (893008,"Zelipha", "Wambui", "Wamboi", "Wamboi", "thehero", "wambuiZelipha@gmail.com");
insert into REGISTERED_VOTERS VALUES (893009,"Stallone", "Mecha", "Papa", "Nyeri", "lovetolose", "papaMecha@gmail.com");
insert into REGISTERED_VOTERS VALUES (893010,"Nile", "Okomo", "Otieno", "Kilo", "luckstrike", "okomoNile@gmail.com");
insert into REGISTERED_VOTERS VALUES (893011,"Milly", "makori", "Mildred", "Kitengela", "motivator", "MillyMakori@gmail.com");
insert into REGISTERED_VOTERS VALUES (893012,"Benjamin", "WaMombasa", "Nze", "WhiteHouse", "minutes", "BenjaMombasa@gmail.com");
insert into REGISTERED_VOTERS VALUES (893013,"Mwake", "Kitolo", "Nze", "Turkana", "amrocking", "mwakeKitololo@gmail.com");
insert into REGISTERED_VOTERS VALUES (893014,"Bonface", "Orina", "Kingwa", "Naivasha", "dropme", "bonfaceOrina@gmail.com");
insert into REGISTERED_VOTERS VALUES (893015,"Gabriel", "Gabu", "Chebet", "Nakuru", "keepmeup", "gabrielGabu@gmail.com");
insert into REGISTERED_VOTERS VALUES (893026,"Levvy", "Kiptoo", "Kipchoge", "Nakuru", "quenchit", "levvyKiptoo@gmail.com");
insert into REGISTERED_VOTERS VALUES (893027,"Joshua", "Aaron", "Temoi", "Kileleshwa", "liveit", "joshuaAaron@gmail.com");
insert into REGISTERED_VOTERS VALUES (823002,"President", "Richard", "Shigali", "Luguyesi", "Narok", "family", "shigalison@gmail.com");
insert into REGISTERED_VOTERS VALUES (893031,"Governor", "Jane", "Ndinda", "Kilwa", "Kileleshwa", "catnoir", "janendinda@gmail.com");
insert into REGISTERED_VOTERS VALUES (893032,"President", "Fred", "Ongere", "Wanzio", "Soy", "catnoir", "fredongere@gmail.com");
insert into REGISTERED_VOTERS VALUES (893033,"President", "Barry", "Allan", "hamaka", "Matunda", "catnoir", "barryallan@gmail.com");
insert into REGISTERED_VOTERS VALUES (893034,"President", "Betty", "Odera", "Hilder", "Seregeya", "catnoir", "killerfrost@gmail.com");
insert into REGISTERED_VOTERS VALUES (893035,"Governor", "Killer", "Frost", "Otieno", "Nakuru", "catnoir", "bettyodera@gmail.com");
insert into REGISTERED_VOTERS VALUES (893036,"Governor", "Katrina", "Kioko", "Wamburu", "Kileleshwa", "catnoir", "katkioko@gmail.com");
insert into REGISTERED_VOTERS VALUES (893037,"Governor", "Johnson", "Sakaja", "Kitongwe", "Kileleshwa", "catnoir", "sakajajohnson@gmail.com");
insert into REGISTERED_VOTERS VALUES (893038,"Senator", "Mary", "Wawira", "Ajab", "Kileleshwa", "catnoir", "marywawira@gmail.com");
insert into REGISTERED_VOTERS VALUES (893039,"Senator", "Emu", "Ndegwa", "Mzito", "Kitale", "catnoir", "emundengwa@gmail.com");
insert into REGISTERED_VOTERS VALUES (893040,"Senator", "Melvin", "Mwatibo", "Kitololo", "Kitale", "catnoir", "malvinmwatibo@gmail.com");
insert into REGISTERED_VOTERS VALUES (893041,"Senator", "John", "Orina", "Malonza", "Masinde", "catnoir", "johnmalonza@gmail.com");
insert into REGISTERED_VOTERS VALUES (893042,"MP", "Kijana", " Wamalwa", "Henry", "Ukombozi", "catnoir", "kijanawamalwa@gmail.com");
insert into REGISTERED_VOTERS VALUES (893043,"MP", "John", "Gichuki", "Agabus", "Kapenguria", "catnoir", "gichukijohn@gmail.com");
insert into REGISTERED_VOTERS VALUES (893044,"MP", "Derrick", "Kiptum", "Kipsang", "Kijasho", "catnoir", "kiptumderrick@gmail.com");
insert into REGISTERED_VOTERS VALUES (8930045,"MP", "Joash", "Kipchumba", "Kipkorir", "Kileleshwa", "catnoir", "kiptumjoash@gmail.com");
insert into POST VALUES ("President"), ("Senator"), ("Governor"), ("MP");
insert into ASPIRANTS VALUES (823002,"President", "Richard", "Shigali", "Luguyesi", "Narok", "shigalison@gmail.com");
insert into ASPIRANTS VALUES (893031,"Governor", "Jane", "Ndinda", "Kilwa", "Kileleshwa", "janendinda@gmail.com");
insert into ASPIRANTS VALUES (893032,"President", "Fred", "Ongere", "Wanzio", "Soy", "fredongere@gmail.com");
insert into ASPIRANTS VALUES (893033,"President", "Barry", "Allan", "hamaka", "Matunda","barryallan@gmail.com");
insert into ASPIRANTS VALUES (893034,"President", "Betty", "Odera", "Hilder", "Seregeya", "killerfrost@gmail.com");
insert into ASPIRANTS VALUES (893035,"Governor", "Killer", "Frost", "Otieno", "Nakuru","bettyodera@gmail.com");
insert into ASPIRANTS VALUES (893036,"Governor", "Katrina", "Kioko", "Wamburu", "Kileleshwa", "katkioko@gmail.com");
insert into ASPIRANTS VALUES (893037,"Governor", "Johnson", "Sakaja", "Kitongwe", "Kileleshwa", "sakajajohnson@gmail.com");
insert into ASPIRANTS VALUES (893038,"Senator", "Mary", "Wawira", "Ajab", "Kileleshwa", "marywawira@gmail.com");
insert into ASPIRANTS VALUES (893039,"Senator", "Emu", "Ndegwa", "Mzito", "Kitale", "emundengwa@gmail.com");
insert into ASPIRANTS VALUES (893040,"Senator", "Melvin", "Mwatibo", "Kitololo", "Kitale", "malvinmwatibo@gmail.com");
insert into ASPIRANTS VALUES (893041,"Senator", "John", "Orina", "Malonza", "Masinde", "johnmalonza@gmail.com");
insert into ASPIRANTS VALUES (893042,"MP", "Kijana", " Wamalwa", "Henry", "Ukombozi", "kijanawamalwa@gmail.com");
insert into ASPIRANTS VALUES (893043,"MP", "John", "Gichuki", "Agabus", "Kapenguria", "gichukijohn@gmail.com");
insert into ASPIRANTS VALUES (893044,"MP", "Derrick", "Kiptum", "Kipsang", "Kijasho", "kiptumderrick@gmail.com");
insert into ASPIRANTS VALUES (8930045,"MP", "Joash", "Kipchumba", "Kipkorir", "Kileleshwa", "kiptumjoash@gmail.com");
